,sentence
0,"When you're beginning to look like the photo in your passport, you should go on a holiday."
1,"It wasn't me, commissioner!"
2,"Oh, my white pants! And they were new."
3,With so many people around he naturally became a bit nervous.
4,"When I left the train station, I saw a man."
5,You're an angel!
6,People from Madrid are weird.
7,"Well, the night is quite long, isn't it?"
8,You're lucky because he didn't bite you.
9,Did you miss me?
10,Are they all the same?
11,Thank you very much!
12,"Where are the eggs, please?"
13,I'll take him.
14,It's a surprise.
15,That's a good idea!
16,Round trip? Only one-way.
17,It's a pity when somebody dies.
18,They were left speechless.
19,Damn! It's not bad!
20,Pull into shape after washing.
21,Wash before first wearing.
22,Don't open before the train stops.
23,Those who live in glass houses should not throw stones.
24,They say love is blind.
25,"Oh, I'm sorry."
26,"Math is like love: a simple idea, but it can get complicated."
27,The only useful answers are those that raise new questions.
28,To have doubts about oneself is the first sign of intelligence.
29,"Poor is not the one who has too little, but the one who wants too much."
30,"Seeing that you're not surprised, I think you must have known."
31,How long does it take to get to the station?
32,This will be a good souvenir of my trip around the United States.
33,Excuse me; allow me to point out three errors in the above article.
34,"It is difficult to keep up a conversation with someone who only says ""yes"" and ""no""."
35,Do you speak Italian?
36,"""I can't think with that noise,"" she said, as she stared at the typewriter."
37,"It is said that ""Hamlet"" is the most interesting play ever written."
38,Ne tenez aucun compte de ce qu'il dit.
39,May I ask a question?
40,"""How do you feel?"" he inquired."
41,It's quite difficult to master French in 2 or 3 years.
42,It's impossible for me to explain it to you.
43,I don't want to spend the rest of my life regretting it.
44,It would be fun to see how things change over the years.
45,I would never have guessed that.
46,Imagination affects every aspect of our lives.
47,You'll forget about me someday.
48,That is rather unexpected.
49,I wonder how long it's going to take.
50,I can't live without a TV.
51,I couldn't have done it without you. Thank you.
52,Nothing is achieved without effort.
53,Many people drift through life without a purpose.
54,Life without love is just totally pointless.
55,Let me know if I need to make any changes.
56,I think exams are ruining education.
57,We can't sleep because of the noise.
58,Do you have a condom?
59,Do whatever he tells you.
60,I can walk to school in 10 minutes.
61,It took me more than two hours to translate a few pages of English.
62,It is already eleven.
63,May I talk to Ms. Brown?
64,"""Yes, orange juice please,"" says Mike."
65,"""Ah!"" is an interjection."
66,What do you want?
67,The mandatory character of schooling is rarely analyzed in the multitude of works dedicated to the study of the various ways to develop within children the desire to learn.
68,You suck dude! I have to tell you everything!
69,I have a bone to pick with you.
70,Do you need me to give you some money?
71,Paris is the most beautiful city in the world.
72,"Hey, I may have no money, but I still have my pride."
73,I have a dream.
74,This is my friend Rachel. We went to high school together.
75,The cost of life increased drastically.
76,"All that which is invented, is true."
77,"To be surprised, to wonder, is to begin to understand."
78,But the universe is infinite.
79,To be perfect she lacked just one defect.
80,"And yet, the contrary is always true as well."
81,"We don't see things as they are, but as we are."
82,The world is a den of crazies.
83,You opened up my eyes to what it's like when everything is right.
84,You found me where no one else was looking.
85,You're by my side; everything's fine now.
86,What do you mean you don't know?!
87,You look stupid.
88,I think I'm gonna go to sleep.
89,My name is Jack.
90,I like it very much.
91,We're meeting up tomorrow?
92,How do you say that in Italian?
93,I have to go shopping. I'll be back in an hour.
94,Is it far from here?
95,These things aren't mine!
96,"Thanks, that's all."
97,Would you like to dance with me?
98,Italy is a very beautiful country.
99,It's not my fault!
100,I'd like to stay for one night.
101,Could you dial for me? The telephone is too high.
102,Is there a youth hostel near here?
103,Where are the showers?
104,Open your mouth!
105,Is it bad?
106,I have lost my wallet.
107,Love is never wasted.
108,Life is what happens to you while you're busy making other plans.
109,Not wanting is the same as having.
110,He's very sexy.
111,"""Pass me the salt, please."" ""Here you are."""
112,There are too many things to do!
113,"Come on, play with me, I'm so bored!"
114,Don't you even think of eating my chocolate!
115,Stop asking me for a drink! Go get it yourself.
116,Thanks to you I've lost my appetite.
117,I really need to hit somebody.
118,Who doesn't know this problem?!
119,It has been so long since I last went to Disneyland with my family.
120,My parents keep arguing about stupid things. It's so annoying!
121,"If you don't want to put on sunscreen, that's your problem. Just don't come complaining to me when you get a sunburn."
122,"My friends always say I'm too calm, but my family always says I'm too annoying."
123,I hate those spiders. They're always there to freak me out when I'm cleaning.
124,So annoying... Now I get a headache whenever I use the computer!
125,It's so hot that you could cook an egg on the hood of a car.
126,It is very hot today.
127,Nobody came.
128,I never saw a red fridge.
129,Better to be hated for who you are than loved for who you're not.
130,It's lonely in the saddle since the horse died.
131,Mathematics is the part of science you could continue to do if you woke up tomorrow and discovered the universe was gone.
132,My eyes are an ocean in which my dreams are reflected.
133,"You know the phrase, we reap what we sow. I have sown the wind and this is my storm."
134,Look at me when I talk to you!
135,What would the world be without women?
136,What if you gave a speech and nobody came?
137,I don't know what to say to make you feel better.
138,This is not my type.
139,I was trying to kill time.
140,How did you come up with this crazy idea?
141,I'm tired.
142,Who wants some hot chocolate?
143,"Speak more slowly, please!"
144,When do we arrive?
145,"The check, please."
146,And what are we going to do?
147,I have a headache.
148,Where can one make a phone call?
149,I must admit that I snore.
150,Tonight we're going to church.
151,How are you? Did you have a good trip?
152,I don't feel well.
153,Call the police!
154,It's too expensive!
155,She's faking sleep. That's why she's not snoring.
156,My shoes are too small. I need new ones.
157,We're getting out of here. The cops are coming.
158,Merry Christmas!
159,It would be so cool if I could speak ten languages!
160,"""If you're tired, why don't you go to sleep?"" ""Because if I go to sleep now I will wake up too early."""
161,You should have listened to me.
162,"It's a complete mess, and it's getting on my nerves."
163,"When the body is touched, receptors in the skin send messages to the brain causing the release of chemicals such as endorphins."
164,What does it involve?
165,One hundred and fifty thousand couples are expected to get married in Shanghai in 2006.
166,Those selected will have to face extensive medical and psychological tests.
167,Half a million children still face malnutrition in Niger.
168,It will take five to ten years for the technology to be ready.
169,Bicycles are tools for urban sustainability.
170,The French government has launched an online game that challenges taxpayers to balance the national budget.
171,He would be glad to hear that.
172,What do you believe is true even though you cannot prove it?
173,Computers make people stupid.
174,Don't ask what they think. Ask what they do.
175,"When you're trying to prove something, it helps to know it's true."
176,"What changes the world is communication, not information."
177,Most scientific breakthroughs are nothing else than the discovery of the obvious.
178,"If you don't understand something, it's because you aren't aware of its context."
179,"The past can only be known, not changed. The future can only be changed, not known."
180,The key question is not what can I gain but what do I have to lose.
181,Anything that can be misunderstood will be.
182,Any universe simple enough to be understood is too simple to produce a mind able to understand it.
183,Why is life so full of suffering?
184,"Despite the importance of sleep, its purpose is a mystery."
185,What does it mean to have an educated mind in the 21st century?
186,Passion creates suffering.
187,The train from Geneva will arrive at the station.
188,I would like to give him a present for his birthday.
189,I'm starving!
190,Do you have friends in Antigua?
191,A cubic meter corresponds to 1000 liters.
192,I have so much work that I will stay for one more hour.
193,I am married and have two children.
194,He plays the piano very well.
195,I see it rarely.
196,I'd like to study in Paris.
197,You don't know who I am.
198,Why don't you eat vegetables?
199,Why do people go to the movies?
200,I'm undressing.
201,The car crashed into the wall.
202,There are no real visions.
203,"There's no point saying ""Hi, how are you?"" to me if you have nothing else to say."
204,"In a dictionary like this one there should be at least two sentences with ""fridge""."
205,Creationism is a pseudo-science.
206,The wind calmed down.
207,I don't want to propose to you!
208,Give me time to give you everything I have!
209,A democrat is a free citizen who yields to the will of the majority.
210,"Where there's a will, there's a way."
211,"Who searches, finds."
212,Rome wasn't built in a day.
213,Silence gives consent.
214,"""Have you finished?"" ""On the contrary, I have not even begun yet."""
215,"""Good morning"", said Tom with a smile."
216,"Why does one say ""Good day"" when the day is not good?"
217,Wine is poetry in bottles.
218,That was the best day of my life.
219,I don't understand German.
220,I made my decision.
221,I give you my word.
222,You are the great love of my life.
223,Being objective means not telling everybody whose side you are on.
224,We have a Pope.
225,The whole is greater than the sum of the parts.
226,A mathematical truth is neither simple nor complicated; it is.
227,"Mathematicians are poets, except that they have to prove what their fantasy creates."
228,Mathematicians are like French people: whatever you tell them they translate it into their own language and turn it into something totally different.
229,"An expert is someone who knows some of the worst mistakes that can be made in his field, and how to avoid them."
230,Doing math is the only socially acceptable way to masturbate in public.
231,"There are 10 types of people in the world: those who understand binary, and those who don't."
232,"I don't think, therefore I am not."
233,"Nowadays we want our children to make their own decisions, but we expect those decisions to please us."
234,"Don't worry, be happy!"
235,I find foreign languages very interesting.
236,I don't like learning irregular verbs.
237,Take a book and read it.
238,Face life with a smile!
239,"Most schools were designed not to transform society, but to reproduce it."
240,You make me dream.
241,I'm beside myself with joy.
242,He's already a man.
243,The vacation is over now.
244,I'm afraid to fall.
245,Evening dress is desired.
246,That's the absolute truth.
247,It's cold.
248,I'm thirsty.
249,"When I ask people what they regret most about high school, they nearly all say the same thing: that they wasted so much time."
250,"When you can't do what you want, you do what you can."
251,Give him an inch and he'll take a yard.
252,You did this intentionally!
253,You didn't tell him anything?
254,You made me lose my mind.
255,You're my type.
256,You're irresistible.
257,"Could you call again later, please?"
258,Who am I talking with?
259,"I accept, but only under one condition."
260,"Smile now, cry later!"
261,At the age of six he had learned to use the typewriter and told the teacher that he did not need to learn to write by hand.
262,Life is beautiful.
263,There are days where I feel like my brain wants to abandon me.
264,I can't cut my nails and do the ironing at the same time!
265,I can't take it anymore! I haven't slept for three days!
266,He doesn't want you to tell him about your sex life.
267,Have you ever eaten a banana pie?
268,Why would you marry a woman if you like men?
269,"If you can't have children, you could always adopt."
270,Are you for or against abortions?
271,What made you change your mind?
272,"Hey, look, a three-headed monkey!"
273,It's a pity that you can't buy miracles like you would buy potatoes.
274,I love lasagna.
275,"If you know that something unpleasant will happen, that you will go to the dentist for example, or to France, then that is not good."
276,"Half an eye is very useful actually, because an animal can see half of another animal, which wants to eat it, and can get out of the way, and it will eat the animal, which has only one-half eye or only 49% of an eye, because this to it will not be enough, and the animal, which was eaten up, will have no children, because it is dead."
277,"Prime numbers are like life; they are completely logical, but impossible to find the rules for, even if you spend all your time thinking about it."
278,"If you raise an eyebrow, it can mean ""I want to have sex with you"", but also ""I find that what you just said is completely idiotic."""
279,The brain is just a complicated machine.
280,"A schedule is an identity card for time, but, if you don't have a schedule, the time isn't there."
281,This baby penguin is too cute!
282,I'm at the hospital. I got struck by lightning.
283,"Let's face it, it's impossible. We're never gonna make it."
284,What is your greatest source of inspiration?
285,You don't marry someone you can live with — you marry the person whom you cannot live without.
286,"In theory, there is no difference between theory and practice. But, in practice, there is."
287,"Don't stay in bed, unless you can make money in bed."
288,"There are people in the world so hungry, that God cannot appear to them except in the form of bread."
289,Anything that is too stupid to be spoken is sung.
290,It requires wisdom to understand wisdom: the music is nothing if the audience is deaf.
291,I was rereading the letters you sent to me.
292,I don't want to go to school.
293,It's over between us. Give me back my ring!
294,It is raining.
295,"I was planning on going to the beach today, but then it started to rain."
296,"She's really smart, isn't she?"
297,An opinion is shocking only if it is a conviction.
298,"People who love doubt nothing, or doubt everything."
299,Justice is expensive.
300,Liberty consists of being able to make everything as harmless as possible.
301,The slowest one to make a promise is the most faithful one in keeping it.
302,Every opinion is a mixture of truth and mistakes.
303,Life is a fatal sexually transmitted disease.
304,"If two men always have the same opinion, one of them is unnecessary."
305,Our opinion is an idea which we have; our conviction an idea which has us.
306,"Tomorrow, I'm going to study at the library."
307,Too late.
308,I went to the zoo yesterday.
309,We won the battle.
310,Hello? Are you still here?
311,I make lunch every day.
312,I watched TV this morning.
313,I read a book while eating.
314,I slept a little during lunch break because I was so tired.
315,I started learning Chinese last week.
316,It is easier to hit on people on the Internet than in the street.
317,"I live near the sea, so I often get to go to the beach."
318,Someday I will buy a cotton candy machine.
319,It's practical to have a laptop.
320,Your glasses fell on the floor.
321,How many times a day do you look at yourself in the mirror?
322,We went to London last year.
323,She doesn't want to talk about it.
324,I lost my inspiration.
325,"If you don't have anything to do, look at the ceiling of your room."
326,It doesn't mean anything!
327,Be patient please. It takes time.
328,Close the door when you leave.
329,This is such a sad story.
330,"If there's no solution, then there's no problem."
331,My little brother is watching TV.
332,It's presumptuous for humans to assume that our task is to do what only God can do.
333,"An astute reader should be willing to weigh everything they read, including anonymous sources."
334,"Denying she was an anarchist, Katja maintained she wished only to make changes in our government, not to destroy it."
335,"Blindness is responsible for a staggering toll of poor health, suffering, and loss of dignity and diminution in the quality of lives of people worldwide."
336,"The formation and movement of hurricanes are capricious, even with our present-day technology."
337,"When you send a telegram, brevity is essential because you will be charged for every word."
338,"David has a keen interest in aesthetics — the qualities that make a painting, sculpture, musical composition, or poem pleasing to the eye, ear, or mind."
339,"Despite Trang's constant affirmations of love, Spenser is still afraid someday she will fall out of love with him."
340,You met him at the university?
341,Aaah!! My computer is broken!
342,The private colleges and universities of the United States are autonomous.
343,"Every time I join a new game of Warcraft, I am pitted against a new team of adversaries."
344,"From the moment that I knew that the university existed, I've wanted to go there."
345,My apathy for voting comes from my distaste for politics.
346,The ascendancy of monarchs is what keeps their subjects from rebellion.
347,Sarah was discerning enough to realize that her friends were trying to prank her.
348,The orchestra makes discordant noises when tuning up.
349,The discrepancy between the stories of the two parties involved in the accident was so great that the authorities had a hard time deciding which side was telling the truth.
350,"Yes, it happens from time to time."
351,I have a great fear of being disdained by those I love and care about.
352,"Most people have a great disinclination to get out of bed early, even if they have to."
353,Most people only want to hear their own truth.
354,The audience acclaimed the actors for their performance.
355,It is good to have ideals... don't you think?
356,The student decided to abridge his paper by taking out unnecessary details.
357,People in the world are always advocating for more freedom and equality.
358,Politicians are always censured for outrageous or inappropriate behavior.
359,Ms. Eichler had a notorious reputation for being austere to her students.
360,"If you don't listen to us, we will have to resort to coercion."
361,"When I have migraines, aspirin doesn't alleviate the pain for me."
362,Spenser's sarcastic and joking remarks are often misinterpreted as signs of ambivalence and often taken too seriously.
363,My mother prefers the arbitrary selection of the lottery machines over my lucky numbers.
364,"To him, hunger was an abstract concept; he always had enough to eat."
365,The convicted drug dealer was willing to comply with the authorities to have his death sentence reduced to a life sentence.
366,I consider the Jehovah's witnesses who knock on my door all the time to be no different from religious zealots trying to force their beliefs on me.
367,The war on Iraq is a volatile subject of political debate; any wrong word and a heated argument could spark.
368,My next door neighbor is a virtuoso whose skills with the piano have earned him a name among music experts.
369,He was sick of being vilified all the time by people who were jealous of his ability.
370,Sven was so verbose that his friends resorted to calling him a chatterbox.
371,Even people who don't believe in the Catholic church venerate the Pope as a symbolic leader.
372,"Unsure of which suitor she wanted to marry, the princess vacillated, saying now one, now the other."
373,"With the heirless king going crazy and royal family poisoned, the general of the army finally had his chance to usurp the throne."
374,The recent scandals involving altar boys and religious leaders have undermined the faith people have in the Church.
375,"As the plane was approaching turbulence, the pilot asked the passengers aboard the plane to fasten their seat belts."
376,There is a fine line between speech that is terse and to the point and speech that is too abrupt.
377,"Though his stay in Europe was transient, Spenser felt he had learned much more about interactions with other people from traveling than he did at college."
378,"Jason was a taciturn individual, so it was always a real surprise when he said anything."
379,"The king was tired of his sycophants always praising him, so he sent them away."
380,Spenser would not tell anyone his surreptitious plan to get back at his friends for pranking him.
381,"If Spenser doesn't keep adding and translating sentences, the other contributors will surely surpass him."
382,There was always too much superfluous writing in his essays.
383,"His essay gave only a superficial analysis of the problem, so it was a real surprise to him when he got the highest grade in the class."
384,"It depends what you mean by ""believe"" in God."
385,"Professors should explain everything in detail, not be succinct and always tell students to go home and read their books."
386,"If I gave no answer, I would not have spoken."
387,Prosecutors in court have to substantiate their claims in order to prove a suspect is guilty.
388,The people who come on the Maury Povich show often make pretentious claims about their lovers cheating on them.
389,"It is a prevalent belief, according to a nationwide poll in the United States, that Muslims are linked with terrorism."
390,"My roommate is prodigal when it comes to spending money on movies; he buys them the day they're released, regardless of price."
391,The profane language used on network television makes many parents with young children not want to subscribe to cable.
392,Freud's insights into human behavior led to him being honored as a profound thinker.
393,Food and drink were served in such profusion at the wedding that the bride and groom began to wonder if they should not have invited more guests.
394,The proliferation of Internet usage has given birth to a new generation of young people.
395,"My friends say I'm a prolific writer, but I haven't written anything for months."
396,Blind people sometimes develop a compensatory ability to sense the proximity of objects around them.
397,A miser hoards money not because he is prudent but because he is greedy.
398,"When both girls told John they had feelings for him, he was in a quandary as to which girl he should be with."
399,"Even now, many years after the Cold War, there is still much rancor between the Russians and the Germans, especially in areas once occupied by the Soviet Union."
400,The defense lawyer was confident that he would be able to answer the prosecutor's arguments in his rebuttal.
401,Johnson is a recluse; he prefers to isolate himself from the rest of the students in our class.
402,Teachers must get tired of rectifying the same mistakes over and over again in their students' papers.
403,The bottles of beer that I brought to the party were redundant; the host's family owned a brewery.
404,The witnesses were able to refute the false testimony of the suspect.
405,The guild leader relegated Vince to a lesser officer because he was abusing his power.
406,Joan of Arc refused to renounce her belief that the voice she heard was from God and none other.
407,"Shocked by the events of September 11th, politicians all over the world condemned the terrorists for their reprehensible deed."
408,James had a great fear of making mistakes in class and being reprimanded.
409,The principal severely reproved the students whenever they made a mess in the hallway.
410,My parents would repudiate my brother if they ever found out he was gay.
411,"In order to keep his original idea from being copied, Henry resorted to reticence."
412,I would like to retract my previous statement.
413,"To win his audience, the speaker resorted to using rhetorical techniques he learned from his communication courses."
414,His father would never sanction his engagement to a girl who did not share the same religious beliefs as their family.
415,Tim is a huge fan of satirical comedy.
416,"Though Alfred is scrupulous in fulfilling his duties at work, he is less conscientious about his obligations at home."
417,Spenser's mother often scrutinizes him for every small mistake he makes.
418,"All the king's subjects, fearing his wrath, often acted quite servile."
419,People are often quite skeptical about things unless given believable proof.
420,"From the doctor's grim expression, it was clear he had somber news for the patient."
421,I always have to check my yard for stagnant pools of water so mosquitoes don't breed there.
422,Sometimes he has difficulty being articulate about his views.
423,"Peter was an altruistic video game player; he would give items to people who needed them, rather than selling them for personal profit."
424,Jimmy tried to cajole his parents into letting him drive across the country with his friends.
425,Censorious people delight in casting blame.
426,Pop artists thrive on the adulation of their loyal fans.
427,We must learn to meet adversity gracefully.
428,Bill Clinton spoke in ambiguous language when asked to describe his relationship with Monica Lewinsky.
429,He was a benevolent old man who volunteered to mow his neighbors' lawns for free.
430,His stern tone and loud voice belied his inner sensitivity and caring nature.
431,"The wealthy, self-indulgent young man felt oddly drawn to the strict, ascetic life led by members of some monastic orders."
432,The statue of the Minute Man commemorates the valiant soldiers who fought in the Revolutionary War.
433,"Baffled by Sherlock Holmes' cryptic remarks, Watson wondered whether Holmes was intentionally concealing his thoughts about the crime."
434,What criterion did you use when you elected this essay as the winner?
435,Con artists take advantage of the credulity of inexperienced investors and swindle them out of their money.
436,I cannot dance one single step of Salsa.
437,"Even if your sentences were actually senseless, you at least have the luck to be able to form beautiful sentences."
438,I like my job very much.
439,"Ray was willing to corroborate Gary's story, but the police were still unconvinced that either of them were telling the truth."
440,The murderer was convicted and sentenced to life in prison.
441,Sometimes hockey players get so competitive that fights break out.
442,There was a feeling of constraint in the room; no one dared to tell the king how foolish his decision was.
443,The consensus indicates that we are opposed to the proposed idea.
444,A small forest fire can easily spread and quickly become a great conflagration.
445,"Even though he had served his time in prison, the murderer was never quite condoned by the public for his crime."
446,I find words with concise definitions to be the easiest to remember.
447,He was still mad about the accident despite his wife's conciliatory words.
448,A cursory examination of his teeth indicated that he had gingivitis.
449,It was a surprise to see all the students behaving with decorum on prom night.
450,"The news article painted the defendant as a guilty man, even though he had been proven innocent."
451,The politician pushed for reform by denouncing the corruption of the government officials.
452,The depravity of the king's deeds led the people to believe he was nothing more than a tyrant that needed to be overthrown.
453,I dreamt about you.
454,I have to get a new computer.
455,I won't lose!
456,I was late to school.
457,Classes are starting again soon.
458,I think I'm gonna sneeze. Give me a tissue.
459,"For a moment there, I thought he had gone mad."
460,This day was just a waste of time and money.
461,It caught me off guard; I didn't know what to do.
462,But you've never told me about this!
463,I've changed my website's layout.
464,"When we are small, everything seems so big."
465,He won't beat me.
466,I have to do laundry while it's still sunny.
467,"Sorry, I don't think I'm gonna be able to."
468,You had plenty of time.
469,Stop criticizing me!
470,"Come on! Talk to me, Trang."
471,I'm almost done.
472,Take the other chair!
473,How many sandwiches are there left?
474,I'm not inspired anymore.
475,I won't lower myself to his level.
476,We could see the sunset from the window.
477,It's driving me crazy.
478,Did you say that I could never win?
479,It's all dark outside.
480,What happened? There's water all over the apartment.
481,"During summer breaks, I ate dinner at midnight."
482,You can finish your essay now.
483,"You will say and do things your parents said and did, even if you swore you would never do them."
484,I am alive even though I am not giving any sign of life.
485,Never try to die.
486,I am too old for this world.
487,Life begins when we realize who we really are.
488,Life starts when you decide what you are expecting from it.
489,Life begins when you pay taxes.
490,What you don't have is better than what you do have.
491,Life begins when you're ready to live it.
492,It is never too late to learn.
493,"It's just five in the morning, but nevertheless it is light out."
494,He told me the story of his life.
495,I never said I was fragile.
496,I wonder if I am made for this world.
497,What are you talking about?
498,I want a piece of candy.
499,I knew that today would be fun.
500,"A child is not a vessel for filling, but a fire to light."
501,Sadly many people will believe things told to them via an email which they would find implausible face-to-face.
502,"It might sound far-fetched, but this is a real problem."
503,"The police are really good at understanding ""Someone stole my credit card and ran up a lot of charges."" It's a lot harder to get them to buy into ""Someone stole my magic sword."""
504,When are we eating? I'm hungry!
505,I have class tomorrow.
506,I can't believe it!
507,"""Thank you."" ""You're welcome."""
508,"How do you pronounce ""pronounce""?"
509,Winter is my favorite season.
510,It's difficult to have great ideas.
511,The data suggest that the optimum length of a lecture may be 30 instead of 60 minutes.
512,I tend to look at the pictures before reading the text.
513,I learned a lot from you.
514,We walked a lot.
515,I spent twelve hours on the train.
516,She got sick this weekend.
517,"Hold on, someone is knocking at my door."
518,He's rich. He doesn't need money!
519,He's sleeping like a baby.
520,They're making too much noise. I can't concentrate.
521,I want a massage. I need to relax.
522,You're sick. You have to rest.
523,There's a secret path on the left.
524,Smith has spent years studying the effects of sleep and sleep loss on memory and learning.
525,She's asking for the impossible.
526,He disappeared without a trace.
527,I can place the palms of my hands on the floor without bending my knees.
528,There cannot be progress without communication.
529,Everyone would like to believe that dreams can come true.
530,The best way to make your dreams come true is to wake up.
531,The world doesn't revolve around you.
532,The world is full of fools.
533,Are you saying my life is in danger?
534,Do you have any idea what my life is like?
535,This place has a mysterious atmosphere.
536,I look forward to hearing your thoughts on this matter.
537,So what if I am gay? Is it a crime?
538,My life is hollow without him.
539,I don't want to fail my exams.
540,My mother bought two bottles of orange juice.
541,She was wearing a black hat.
542,We made pancakes for breakfast.
543,I spent the whole afternoon chatting with friends.
544,I want to be more independent.
545,Are you just going to stand there all day?
546,A rabbit has long ears and a short tail.
547,My heart was filled with happiness.
548,He wishes to erase bad memories.
549,"Sir, you are not allowed to park your car here."
550,Your secret will be safe with me.
551,I don't want to hear any more of your complaining.
552,Tell them to call me before they leave.
553,You should have refused such an unfair proposal.
554,I don't have the strength to keep trying.
555,Mathematics is not just the memorization of formulas.
556,I didn't mean to give you that impression.
557,Yes! I won twice in a row!
558,I'm tired of eating fast food.
559,I'm sick and tired of being sick and tired.
560,I can't wait to go on a vacation.
561,The rooms in this hotel are really very bad at muffling sounds. I can hear my neighbor chewing his gum!
562,The essence of mathematics is liberty.
563,Can you imagine what our lives would be like without electricity?
564,Where is the bathroom?
565,"If you lend someone $20 and never see that person again, it was probably worth it."
566,The essence of liberty is mathematics.
567,His story was too ridiculous for anyone to believe.
568,How many hours of sleep do you need?
569,Each person is a world.
570,I have French nationality but Vietnamese origins.
571,It's very frustrating to try to find your glasses when you can't see anything without glasses.
572,Do you think mankind will someday colonize the Moon?
573,"What famous songs do you wish you had composed, and why?"
574,"I'm going to buy myself a new camera, digital this time."
575,I'm crazy about you.
576,I don't know what is worse.
577,Life in prison is worse than the life of an animal.
578,I am proud to be a part of this project.
579,Beauty lies in the eyes of the one who sees.
580,Who buys this type of art?
581,Why can't we tickle ourselves?
582,The answer leads us to a vicious circle.
583,I'm too lazy to do my homework.
584,What... you still don't know how to drive?
585,Have you got a beard already?
586,I feel that I am free.
587,Freedom is not free.
588,I created a shortcut on the desktop.
589,I want an MP3 player!
590,My brother is very important. At least he thinks he is.
591,While eating a pizza he was annoying his sister.
592,"At this rate, we're not likely to be done before the end of the week."
593,I guess my view on friendship is pretty bleak because I've never really had to rely on anyone for anything.
594,What?! You ate my chocolate bear?!
595,"No, I cannot let you in, there's one person too many."
596,Where are you?
597,He will make you eat dirt.
598,He's got a face like a month of wet Sundays.
599,"Holy crap, who's the asshole who dares call me in the middle of the night?!"
600,He has just published an interesting series of articles.
601,You piss me off!
602,No way!
603,It's a dead end.
604,I don't necessarily trust translations.
605,To share one's passion is to live it fully.
606,"The day before yesterday you impressed everyone, but I already knew you."
607,"If I showed you my house, my neighborhood back then, would you understand where I am from?"
608,"Life is not long, it is wide!"
609,"When I was your age, Pluto was a planet."
610,She is on the verge of a nervous breakdown.
611,Elephants are the largest land animals alive today.
612,"If you teach me how to dance, I will show you my hidden scars."
613,The elevators in a skyscraper are vital systems.
614,Fruits and vegetables are essential to a balanced diet.
615,"Cheese is a solid food made from the milk of cows, goats, sheep, and other mammals."
616,"I still don't like Cavalieri, Tonelli, or Fubini... and my oral calculus exam is already tomorrow."
617,I usually take a shower in the evening.
618,He spent the evening reading a book.
619,You have been thinking about this problem the whole morning. Take a break; go eat lunch.
620,"If I don't do it now, I never will."
621,Good night. Sweet dreams.
622,This song is so moving that it brings tears to my eyes.
623,There are a lot of things you don't know about my personality.
624,"Perhaps you are right, I have been selfish."
625,Everyone deserves a second chance.
626,"When we borrow money, we must agree on the conditions."
627,What is the advantage of this technology?
628,"If you do not have this program, you can download it now."
629,The headline caught my eye this morning.
630,Gonzales offers a bike to all his employees in Europe.
631,There are 1000 movies that one must watch before dying.
632,"I have been told that I am pragmatic, and I am."
633,"I prefer to look for a solution to problems, not only to report them."
634,I'm running out of ideas.
635,"The seven questions that an engineer has to ask himself are: who, what, when, where, why, how and how much."
636,You are still asking yourself what the meaning of life is?
637,When can one say that a person has alcohol issues?
638,Remember that we are all in the same boat.
639,"All I need to know about life, I learned from a snowman."
640,Check that your username and password are written correctly.
641,Goodbyes are always sad.
642,Don't forget about us!
643,Time has passed very fast.
644,Which is your luggage?
645,"Open the cupboard to the left, the bottles are in there."
646,There are also nightclubs where you dance flamenco.
647,The entrée includes a beverage.
648,I suggest that we go out on Friday.
649,That way I kill two birds with one stone.
650,Do you have professional experience?
651,How much do you leave for a tip in Spain?
652,Who painted this painting?
653,"At this hour, there is incredible traffic."
654,We men are used to waiting for the women.
655,Aren't you ashamed to talk like that?
656,"Now I have to leave, they're calling for my flight."
657,He's Argentinean and he gives tennis lessons.
658,"Please, can you indicate this to me on the map?"
659,The tap is running.
660,Please tell us where there is a grocery store.
661,I am four months pregnant.
662,I've got a pacemaker.
663,I would like batteries for this device.
664,Can I pay by credit card?
665,"Cut, wash and dry, please."
666,I feed my cat every morning and every evening.
667,Could you please repeat that?
668,"Generally, who visits their parents more, sons or daughters?"
669,It would of course be cheaper for you to sleep at our place.
670,You will find this in a hardware store.
671,Every effort deserves a reward.
672,It costs an arm and a leg.
673,More than 90 percent of visits to a web page are from search engines.
674,I need your advice.
675,Any chance you know where I put my keys?
676,I'm getting ready for the worst.
677,"Why did you wake me up to tell me something that big? Now, I'll never be able to concentrate on my work!"
678,That sounds interesting. What did you tell her?
679,Where is your twenty? I'll give you five bucks for it.
680,"Little by little, you will notice improvement in your writings."
681,I knew it was plastic but it tasted like wood.
682,Sometimes Spenser cares so much about Trang that he leads her to believe he is being overprotective.
683,There are things in this world which simply cannot be expressed in the form of words.
684,The most perfidious way of harming a cause consists of defending it deliberately with faulty arguments.
685,Take good care of yourself.
686,"As he sits in the dark, typing away at his computer, he hears the sound of morning birds chirping away and realizes he has been up all night - but the insomniac still refuses to sleep."
687,"Try as you might, but you cannot force a belief onto someone else, much less your own self."
688,The functions sine and cosine take values between -1 and 1 (-1 and 1 included).
689,I am against using death as a punishment. I am also against using it as a reward.
690,The second half of a man's life is made up of nothing but the habits he has acquired during the first half.
691,Can I stay at your place? I have nowhere to go.
692,"Girls are more likely than boys to be malnourished, suffer poverty, face violence and be refused an education, according to a new report."
693,If only we'd stop trying to be happy we could have a pretty good time.
694,"On May 18, a young Japanese couple was arrested after their one-year-old baby was found wrapped in a plastic bag and dumped in a gutter."
695,"We are haunted by an ideal life, and it is because we have within us the beginning and the possibility for it."
696,"Death is only a horizon, and a horizon is nothing save the limit of our sight."
697,The scientific theory I like the best is that the rings of Saturn are composed entirely of lost luggage.
698,The only way on Earth to multiply happiness is to divide it.
699,A known mistake is better than an unknown truth.
700,"Life is not an exact science, it is an art."
701,Everything is theoretically impossible until it's done.
702,"Until you make peace with who you are, you'll never be content with what you have."
703,"You may be disappointed if you fail, but you are doomed if you don't try."
704,"Boredom is the feeling that everything is a waste of time; serenity, that nothing is."
705,"Never lose sight of the importance of a beautiful sunrise, or watching your kids sleep, or the smell of rain. It's often the small things that really matter in life."
706,There is no distance on this earth as far away as yesterday.
707,Only those who risk going too far will know how far one can go.
708,Every man takes the limits of his own field of vision for the limits of the world.
709,We can travel through time. And we do at the remarkable rate of one second per second.
710,The real problem is not whether machines think but whether men do.
711,My interest is in the future because I'm going to spend the rest of my life there.
712,"The world is a book, and those who do not travel read only a page."
713,The problem with many things is the pre-conceived ideas we have about them!
714,The best way to predict the future is to invent it.
715,Advertising may be described as the science of arresting the human intelligence long enough to get money from it.
716,"If we knew what we were doing, it wouldn't be called research, would it?"
717,"To the man who only has a hammer in the toolkit, every problem looks like a nail."
718,Nothing is impossible for the man who doesn't have to do it himself.
719,That's the thing about people who think they hate computers. What they really hate is lousy programmers.
720,"It is not the strongest of the species that survives, not the most intelligent, but the one most responsive to change."
721,"I think it is good that books still exist, but they do make me sleepy."
722,I can't understand why people are frightened of new ideas. I'm frightened of the old ones.
723,Hope is not a strategy.
724,"Japan is full of beautiful cities. Kyoto and Nara, for instance."
725,They are waiting for you in front of the door.
726,Do you have a pen on you?
727,Whose is this?
728,"Since Mario lied to me, I don't speak to him anymore."
729,It's a good deal.
730,Pick up your things and go away.
731,Put your hands down!
732,He laughs best who laughs last.
733,"The sooner, the better."
734,He doesn't look his age.
735,Do you like rap?
736,I love trips.
737,I really wasn't expecting that from you.
738,I've been waiting for hours.
739,He died at a very old age.
740,He's an old timer.
741,That's the snag.
742,"We are what we pretend to be, so we must be careful what we pretend to be."
743,I don't know him.
744,I liked this film.
745,She's rolling in money.
746,It's not important.
747,I don't care.
748,I was about to go out when the phone rang.
749,Look carefully. I'm going to show you how it's done.
750,People should understand that the world is changing.
751,"Speech is silver, but silence is golden."
752,Fifty-two per cent of British women prefer chocolate to sex.
753,I don't like these remarks.
754,I'm not convinced at all.
755,Why do you want to leave today?
756,I'm going to take my car.
757,It's too good to be true.
758,You cannot achieve the impossible without attempting the absurd.
759,"You should only count on yourself--but even then, not too much."
760,To be quiet in class is to respect other people's sleep.
761,Logic is a systematic method of coming to the wrong conclusion with confidence.
762,Cole's Axiom: The sum of the intelligence on the planet is a constant; the population is growing.
763,People will accept your idea much more readily if you tell them Benjamin Franklin said it first.
764,"If you see a man approaching you with the obvious intention of doing you good, you should run for your life."
765,We learn from experience that men never learn anything from experience.
766,Better late than never.
767,"Like father, like son."
768,The early bird catches the worm.
769,In life there are ups and downs.
770,All cats are grey in the dark.
771,Teach me how you do it.
772,No news is good news.
773,"Wealth comes to those who make things happen, not to those who let things happen."
774,"If you think education is expensive, wait till you see what ignorance costs you."
775,I was expecting it!
776,"The world is divided into people who get things done, and people who get the credit."
777,I don't expect anything from you.
778,Wait in the waiting room.
779,More people get into trouble for things they say rather than for what they do.
780,"People who will lie for you, will lie to you."
781,There's no doubt.
782,There isn't any solution.
783,"In business today, too many executives spend money they haven't earned, to buy things they don't need, to impress people they don't even like."
784,I didn't know he drank so much.
785,Any activity you need to accomplish will take more time than you have.
786,It's well done.
787,Do you want fruit juice?
788,He's a good person.
789,Do as you want.
790,Enjoy your meal!
791,There's no love without jealousy.
792,No love is foul nor prison fair.
793,There was not a bloody soul.
794,We are cut from the same cloth.
795,The walls have ears.
796,I've got a frog in my throat.
797,Make yourself at home.
798,Nothing great has been achieved by playing it safe.
799,"In general, little is known about nonlinear second order differential equations."
800,Mali is one of the poorest countries in Subsaharan Africa.
801,At this stage there is still not a clear energy policy for bringing decentralised power to rural areas.
802,Why aren't you coming with us?
803,I can't say the opposite.
804,Why are you telling me about hippos all of the sudden? I don't see the connection between that and your twelve red goldfishes.
805,"Don't listen to him, he's talking nonsense."
806,You can't get lost in big cities; there are maps everywhere!
807,"We are sorry, the person you are trying to contact is not available."
808,I don't want it anymore.
809,He came several times.
810,We wonder why.
811,We must think about friends.
812,I'm going to take a bath.
813,"It was raining when we left, but by the time we arrived, it was sunny."
814,We left by train.
815,"If you eat too much, you'll become fat."
816,I don't know if he would have done it for me.
817,Would you like to come?
818,I knew he would accept.
819,She would willingly come but she was on vacation.
820,I thought it was true.
821,This is the town I told you about.
822,This is the boy I think about.
823,He has been warned on several occasions.
824,I have to give back the book before Saturday.
825,We tried so hard to make things better for our kids that we made them worse.
826,"Hi, I just wanted to let you know that the problem is fixed."
827,How can you have a laptop and not a cell phone?
828,I went to drink a beer with friends.
829,He jumped out the window.
830,Yesterday we had fun.
831,They quarreled.
832,I ate caviar.
833,He changed a lot since the last time.
834,This knife was very useful to me.
835,You took the wrong key.
836,I managed to get in.
837,How much is it?
838,I'll bring you the bill immediately.
839,Here is your change.
840,I'll pay by cheque.
841,Did you leave a tip?
842,Don't forget the ticket.
843,"I'm sorry, I don't have change."
844,The situation is worse than we believed.
845,We have to expect the worst.
846,They don't even know why.
847,I want you to tell me the truth.
848,You arrived at the moment I left.
849,Muiriel likes to annoy me lately.
850,"It's not serious, I don't bear him a grudge."
851,Who is coming with me?
852,I want to know who is coming with us.
853,Florence is the most beautiful city in Italy.
854,"On your feet, children!"
855,I talked to friends.
856,The film started at 2 o'clock.
857,This girl changed her look.
858,The film lasted 2 hours.
859,I'm glad to see you back.
860,You changed a lot.
861,Those who know him like him.
862,Tell me what happened.
863,They are sensible girls.
864,How beautiful you are!
865,It's easier to have fun than to work.
866,You must work more.
867,It's more difficult than you think.
868,He told me he would go to Venice.
869,Who are those guys?
870,I don't agree with him.
871,"The spirit is willing, but the flesh is weak."
872,There's quite a lot of things to do; do you want some help?
873,It seems to me that the train is late.
874,He learned the news while reading the newspaper.
875,I don't know if I'll have time to do it.
876,Ask Trang if he's going out this evening.
877,She's got a fair complexion while her brother is very dark.
878,"In a town you may pass unnoticed, whereas in a village it's impossible."
879,Who said that? It's totally wrong!
880,"When I was a child, I would spend hours reading alone in my room."
881,Wolves won't usually attack people.
882,"""Can somebody help me?"" ""I will."""
883,Please will you close the door when you go out.
884,You've given me your cold.
885,"Ah! If I were rich, I'd buy myself a house in Spain."
886,I wish she would stop playing that stupid music.
887,I hope he'll be able to come! I'd like to see him.
888,They will never accept; it's too far.
889,Her garden is a work of art.
890,I'd rather be a bird than a fish.
891,"Water freezes at zero degrees Celsius, doesn't it?"
892,"If you take care of the small things, the big things will take care of themselves."
893,"Every man's work, whether it be literature or music or a picture or architecture or anything else, is always a portrait of himself."
894,"When we seek to discover the best in others, we somehow bring out the best in ourselves."
895,Forget it. It's not worth it.
896,We're going to eat a lot tonight so I hope you're not on a diet.
